おはようございます。今日もよろしくお願いします。	オハヨオ'/ゴザイマ'_ス、キョ'オモ/ヨロ_シクオネガイシマ'_ス
えっ、本当にそれでいいの？	エ'ッ、ホントオニ'/ソレデ'/イ'イノ？
やったー！ついに完成したのだ！	ヤッタ'ア、ツ'イニ/カンセエ_シタ'ノダ
うーん、ちょっと難しいかもしれないね。	ウ'ウン、チョ'ット/ムズカシ'イカモ/シレナ'イネ
ねえ、明日の予定って空いてる？	ネ'エ、ア_シタ'ノ/ヨテエッテ'/アイテ'ル？
そうなんだ。それは大変だったね。	ソオ'/ナ'ンダ、ソレワ'/タイヘンダ'ッタネ
ちょっと待って！まだ話は終わってないよ。	チョ'ット/マ'ッテ、マ'ダ/ハナシ'ワ/オワッテ'ナイヨ
ありがとう、すごく助かったよ。	アリ'ガトオ、スゴ'_ク/タ_スカ'ッタヨ
どうしてそんなことを言うの？	ド'オ_シテ/ソンナコ'トオ/イウ'ノ？
まあ、いいけどね。次は気をつけてよ。	マ'ア、イ'イケドネ、ツギ'ワ/キオ'/ツ'ケテヨ
わあ、きれいな景色！写真を撮ろうよ。	ワ'ア、キ'レイナ/ケ'_シキ、シャシンオ'/ト'ロオヨ
ごめんなさい、すっかり忘れていました。	ゴメンナサ'イ、スッカ'リ/ワスレテイマ'_シタ
それって、つまりどういうことなのだ？	ソレッテ'、ツ'マリ/ド'オユウコトナノダ？
はいはい、わかりましたよ。	ハ'イ/ハ'イ、ワカリマ'_シタヨ
今日は朝から雨が降っていたので、駅まで歩いて行くのがとても大変でした。	キョ'オワ/ア'サカラ/ア'メガ/フ'ッテイタノデ、エ'キマデ/アル'イテイクノガ/トテモ'/タイヘンデ'_シタ
えへへ、褒められるとちょっと照れちゃうな。	エヘヘ'、ホメラレ'ルト/チョ'ット/テレチャ'ウナ
嘘でしょ？信じられない！	ウ'ソデショ？、シンジラレ'ナイ
大丈夫、きっとうまくいくから心配しないで。	ダイジョ'オブ、キット'/ウマ'ク/イク'カラ/シンパイシナ'イデ
ふーん、そういうことだったんだ。	フウン'、ソオユウコ'トダッタンダ
じゃあ、また明日ね。おやすみなさい。	ジャ'ア、マタ'/ア_シタ'ネ、オヤスミナサイ'
ごきげんよう、皆さま。	ゴキゲンヨ'オ、ミナ'サマ
今日はとても良いお天気ですわね。	キョ'オワ/トテモ'/ヨ'イ/オテ'ンキデ_スワネ
わたくし、紅茶が大好きですの。	ワタ_クシ'、コオチャガ'/ダ'イ_スキデ_スノ
このケーキ、とても美味しいですわ。	コノ'/ケ'エキ、トテモ'/オイシ'イデ_スワ
あら、そんなことも知りませんの？	アラ'、ソンナコ'トモ/シリマセ'ンノ？
お先に失礼いたしますわ。	オサキニ'/_シツ'レエイタシマ_スワ
わたくしに任せておけば大丈夫でしてよ。	ワタ_クシニ'/マカ'セテオケバ/ダイジョ'オブデ_シテヨ
一緒にお茶をいたしませんこと？	イッショニ'/オチャオイタシマセ'ンコト？
おほほ、冗談ですわよ。	オ'/ホ'ホ、ジョオダ'ンデ_スワヨ
それは素敵なお話ですわね。	ソレワ'/_ステキナ'/オハナシデ'_スワネ
まあ、なんて失礼な方なのかしら。	マ'ア、ナ'ンテ/_シツ'レエナホオナノカシラ
あなた、本当にそれでよろしいんですの？	アナ'タ、ホントオニ'/ソレデ'/ヨロシ'インデ_スノ？
わたくしの負けですわ、認めますわ。	ワタ_クシノ'/マケデ'_スワ、ミトメマ'_スワ
お父様に言いつけますわよ！	オト'オサマニ/イイツケマ'_スワヨ
今度の舞踏会、楽しみにしておりますのよ。	コ'ンドノ/ブト'オカイ、タノシ'ミニ_シテオリマ_スノヨ
