えっ嘘でしょ。	エ'ッ/ウ'ソデショ
シュヴァイツァーは見習うべき人間です。	シュヴァ'イツァアワ/ミナラ'ウベキ/ニンゲンデ'_ス
デーヴィスさんはとても疲れているように見える。	デ'エヴィスサンワ/トテモ'/_ツカ'レテイルヨオニ/ミエ'ル
スティーヴはジェーンから手紙をもらった。	_スティ'イヴワ/ジェ'エンカラ/テガミオ'/モラッタ'
彼女はモーツァルトやベートーヴェンといった、古典派の作曲家が好きだ。	カ'ノジョワ/モ'オツァルトヤ/ベエト'オヴェント/イッタ'、コテンハノ'/サッキョ_クカガ'/_スキ'ダ
ストラットフォード・オン・エイヴォンは、シェイクスピアの生まれたところですが、毎年多くの観光客が訪れます。	ストラットフォオドオンエイヴォンワ'、シェイ_クス'ピアノ/ウマレタ'トコロデ_スガ、マイトシ'/オ'オクノ/カンコ'オキャクガ/オトズレマ'_ス
彼はピューマを慣らすのに、大いに骨を折った。	カ'レワ/ピュ'ウマオ/ナラ'スノニ、オ'オイニ/ホネ'オ/オ'ッタ
彼が解雇されるとは妙な話だ。	カ'レガ/カイコサレ'ルトワ/ミョ'オナ/ハナシ'ダ
クリスはヴァンパイア・ナイトを倒した。	ク'リスワ/ヴァンパイアナイトオ'/タオ'_シタ
彼のあだ名は言い得て妙だよね。	カ'レノ/アダナワ'/イイエ'テ/ミョ'オダヨネ
イタリア旅行で彼は、いくつか景勝の地として有名な都市、例えば、ナポリやフィレンツェを訪れた。	イタリアリョ'コオデ/カ'レワ、イ_クツカケ'エショオノ/チ'ト_シテ/ユウメエナ'/ト'シ、タト'エバ、ナ'ポリヤ/フィレ'ンツェオ/オトズ'レタ
ゼロという概念は、ヒンドゥー文化に由来している。	ゼ'ロト/イウ'/ガ'イネンワ、ヒンドゥウブ'ンカニ/ユライ_シテイル'
そのいたずら娘は何食わぬ顔をした。	ソノ'/イタズラム'スメワ/ナ'ニ/クワ'ヌ/カオオ_シタ'
スミスさん、ピエール・デュボワをご紹介しますわ。私の親友なの。	ス'ミスサン、ピエエルデュボワオ'/ゴショオカイシマ'_スワ、ワタシノ'/シンユウナ'ノ
どーすんの、このお店。完ッ全に閑古鳥が鳴いちゃってるじゃない。	ド'オスンノ、コノ'/オミセ'、カン'ッゼンニ/カンコ'ドリガ/ナイチャッテ'ルジャナイ
頂上に着くと皆でヤッホーと叫んだ。	チョオジョ'オニ/ツ'_クト/ミナ'デ/ヤ'ッホオト/サケ'ンダ
あっベルが鳴ってる。	ア'ッ/ベ'ルガ/ナッテ'ル
彼女は彼にぴょこんとおじぎをした。	カ'ノジョワ/カ'レニ/ピョコ'ント/オジギオ_シタ'
男子生徒のめいめいが、帽子に学校のバッジをつけています。	ダン_シセ'エトノ/メイメ'イガ、ボオシニ'/ガッコオノ'/バッジオ'/ツ'ケテイマ_ス
ヒューズが飛んだ。	ヒュ'ウズガ/トンダ'
私はポピュラー音楽を聞きたい。	ワタシワ'/ポピュラアオ'ンガクオ/_キキタ'イ
猫はにゃーにゃーと鳴く。	ネ'コワ/ニャ'ア/ニャ'アト/ナク'
私の一番上の兄が父の名代としてその会合に出席した。	ワタシノ'/イチバン'/ウエノ'/ア'ニガ/チ'チノ/ナダイト_シテ'/ソノ'/カイゴオニ'/シュッセキ_シタ'
彼は首相にインタビューした。	カ'レワ/_シュショオニ'/イ'ンタビュウ_シタ
その会社の急速な成長は、その独特な戦略によるものだった。	ソノ'/カイシャノ'/キュウソクナ'/セエチョオワ'、ソノ'/ド_クトクナ'/センリャクニヨルモノ'ダッタ
私はいつもミネラルウォーターを持ち歩いています。	ワタシワ'/イ'ツモ/ミネラルウォ'オタアオ/モチアル'イテイマ_ス
彼女はハンドバッグを開けて家の鍵を探してみたが、見つからなかった。	カ'ノジョワ/ハンドバ'ッグオ/アケテ'/イエ'ノ/カギ'オ/サガ_シテミ'タガ、ミ_ツカラナ'カッタ
彼女はスタッフをまとめていけると思いますか？	カ'ノジョワ/_スタ'ッフオ/マトメテイケル'ト/オモイマ'_スカ？
牛乳はあなたの体に良いだろう、毎日飲んだほうがいい。	ギュウニュウワ'/アナ'タノ/カラダニ'/ヨ'イダロオ、マ'イニチ/ノ'ンダホオガ/イ'イ
あなたは流感になりかけているか、もっと重い病気かもしれません。	アナ'タワ/リュウカンニ'/ナリカ'ケテイルカ、モ'ット/オモイ'/ビョオ_キカ'モ/シレマセ'ン
彼女はその事件を、生き生きとした筆致で描写した。	カ'ノジョワ/ソノ'/ジ'ケンオ、イキイ'_キト_シタ/ヒッチデ'/ビョオシャ_シタ'
彼は自らの生涯を、インドでの病人の治療に捧げるつもりだ。	カ'レワ/ミ'ズカラノ/ショ'オガイオ、イ'ンドデノ/ビョオニンノ'/チリョオニ'/ササゲルツモリダ'
奇妙な男で、彼は人から話し掛けられないと口をきかない。	キ'ミョオナ/オトコ'デ、カ'レワ/ヒトカラ'/ハナ_シカケラレ'ナイト/_クチオ'/_キカナ'イ
我々はその山脈で土着のガイドを雇った。	ワレワレワ'/ソノ'/サンミャクデ'/ドチャクノ'/ガ'イドオ/ヤト'ッタ
彼女は息子に家で行儀よくするように言った。	カ'ノジョワ/ム_スコニ'/イエ'デ/ギョオギ'/ヨ'_クスルヨオニ/イッタ'
彼はライフルを拾い上げ、それで標的をねらった。	カ'レワ/ラ'イフルオ/ヒロイア'ゲ、ソレデ'/ヒョオテキオ'/ネラッタ'
私はこの本に八百円を払った。	ワタシワ'/コノ'/ホ'ンニ/ハッピャクエンオ'/ハラ'ッタ
気分が悪くて入院したが、結果的にはたいしたことはなかった。	キ'ブンガ/ワル'_クテ/ニュウイン_シタ'ガ、ケッカテキニ'ワ/タ'イ_シタコトワ/ナ'カッタ
アフィ狙いの釣り記事ですね。英語関係のコミュのあちこちにマルチポストしています。	アフィネ'ライノ/ツリ'キジデ_スネ、エエゴカ'ンケエノ/コ'ミュノ/アチ'コチニ/マル_チポ'_スト_シテイマ_ス
トラベラーズチェックを現金に替えてくれるのはこの窓口ですか？	トラベラアズチェ'ックオ/ゲンキ'ンニ/カエテクレル'ノワ/コノ'/マド'グチデ_スカ？
本日の映画は、サウンド・オブ・ミュージックでございます。	ホ'ンジツノ/エエガワ'、サウンド'、オブ'、ミュ'ウジックデ/ゴザイマ'_ス
概してわれわれ日本人は、外国語を話すのに少し臆病すぎる。	ガ'イ_シテ/ワレワレ'/ニホンジ'ンワ、ガイコクゴオ'/ハナ'スノニ/_スコ'シ/オクビョオスギ'ル
店の人は私のことを知るようになり、私はいつも同じウェイトレスに応対してもらっていた。	ミセ'ノ/ヒトワ'/ワタシノコ'トオ/シルヨ'オニ/ナリ'、ワタシワ'/イ'ツモ/オナジ'/ウェイ'トレスニ/オオタイ_シテモラッテイタ'
この丘からは何百万という星が見える。	コノ'/オカカラ'ワ/ナンビャクマ'ント/イウ'/ホシガ'/ミエ'ル
彼女は大学に入学したら、親から経済的に独立しようと思っていた。	カ'ノジョワ/ダイガクニ'/ニュウガク_シタ'ラ、オヤ'カラ/ケエザイテキニ'/ドクリツシヨ'オト/オモ'ッテイタ
サブマリンのペリスコープが、水中からにょっきり突き出ていた。	サブマ'リンノ/ペリ_スコ'オプガ、スイチュウカラ'/ニョッキ'リ/_ツキ'デテイタ
別にブルマに特別な関心があるわけじゃない。	ベツニ'/ブ'ルマニ/トクベツナ'/カンシンガ'/ア'ルワケジャナイ
そういうフェティシズムはないと思う。	ソオユウ'/フェ_ティシ'ズムワ/ナ'イト/オモ'ウ
ウッド夫人が作ってくれるおいしい田舎風の料理を食べたし、ミルクをたくさん飲みました。	ウッドフ'ジンガ/_ツク'ッテクレル/オイシ'イ/イナカフウノ'/リョ'オリオ/タ'ベタシ、ミ'ルクオ/タ_クサン'/ノミマ'_シタ
私の妻が瓶をわってしまったので、台所の床は牛乳だらけになっている。	ワタシノ'/ツ'マガ/ビ'ンオ/ワ'ッテシマッタノデ、ダイドコロノ'/ユカワ'/ギュウニュウダ'ラケニ/ナ'ッテイル
喧嘩をしていた二人の子供は、お互いにしかめっ面をして座っていた。	ケンカオ_シテイタ'/_フタリ'ノ/コドモワ'、オタガイニ'/_シカメッツラオ_シテ'/スワッテイタ'
事業を継続しながら、事業が依拠している不動産を、切り売りしていくことなど非現実的なのだ。	ジ'ギョオオ/ケエゾ_クシナ'ガラ、ジ'ギョオガ/イ'キョ_シテイル/フド'オサンオ、キリウリ_シテイ_クコト'ナド/ヒゲンジ_ツテキナ'ノダ
しかしペパーバーグは、そのオウムを研究することによって、動物に対する考え方が変わったと言っている。	_シカ'_シ/ペパアバ'アグワ、ソノ'/オオムオ'/ケンキュウスルコト'ニヨッテ、ドオブツニ'/タイス'ル/カンガエカ'タガ/カワッタ'ト/イッテイル'
パックマンがある条件を満たすと、追ってくるモンスターを逆襲して食べることができる。	パ'ックマンガ/ア'ル/ジョオケ'ンオ/ミタ'_スト、オッテク'ル/モ'ン_スタアオ/ギャ_クシュウ_シテ'/タベ'ルコトガ/デキ'ル
その数百年後に、フォークが西洋のテーブルに現れることになるが、ただちに受け入れられたわけではなかった。	ソノ'/スウヒャクネンゴ'ニ、フォ'オクガ/セ'エヨオノ/テエブルニ'/アラワレ'ルコトニ/ナ'ルガ、タ'ダチニ/ウケイレラ'レタワケデワ/ナ'カッタ
トップのリーダーは犬の行動学ではアルファと呼ばれ、以下ベータ、ガンマと続きます。	ト'ップノ/リ'イダアワ/イヌ'ノ/コオド'オガクデワ/ア'ルファト/ヨバレ'、イ'カ/ベ'エタ、ガ'ンマト/ツズキマ'_ス
ウィーンまでは歩くとどのくらいかかりますか？	ウィ'インマデワ/アル'_クト/ド'ノクライ/カカリマ'_スカ？
すみません、この辺に詳しくないんです。	スミマセ'ン、コノヘンニ'/クワシク'ナインデ_ス
目標は授業設計をするときの、学生の思考を触発するメディア教材の選択および、活用方法について理解することである。	モ_クヒョオワ'/ジュギョオセ'ッケエオスルトキノ、ガ_クセエノ'/_シコオオ'/ショ_クハツスル'/メディアキョ'オザイノ/センタク'/オ'ヨビ、カツヨオホ'オホオニ/ツ'イテ/リ'カイスルコトデアル
とりあえず店の前、掃除しといてくれ。打ち水も頼む。	トリア'エズ/ミセ'ノ/マ'エ、ソオジ_シト'イテクレ、ウチ'ミズモ/タノ'ム
人々はトーナメントが始まる何ヶ月も前に、これらの入場券を買う。	_ヒト'ビトワ/ト'オナメントガ/ハジマル'/ナンカ'ゲツモ/マ'エニ、コレ'ラノ/ニュウジョ'オケンオ/カウ'
彼女の魅力は言葉では表現できない、とその芸術家は叫んだ。	カ'ノジョノ/ミリョクワ'/コトバ'デワ/ヒョオゲ'ン/デキ'ナイ、ト'/ソノ'/ゲエジュ_ツカワ'/サケ'ンダ
事象として簡単なことを、いかにも難しそうに表現する人は、あまり頭がよさそうではない。	ジショオト_シテ'/カンタンナコト'オ、イカ'ニモ/ムズカ_シソ'オニ/ヒョオゲ'ンスル/ヒトワ'、アマリ'/アタマ'ガ/ヨ'サソオデワナイ
デザインも、アーチ型のロゴデザインにより、現代的で登場感、躍動感あるものに仕上げました。	デザ'インモ、アアチガタノ'/ロゴデザ'インニヨリ、ゲンダイテキデ'/トオジョ'オカン、ヤクド'オカン/ア'ルモノニ/シアゲマ'_シタ
そんなに慌てて運転して、一体どこへ行こうってんだよ。	ソンナニ'/アワテテ'/ウンテン_シテ'、イッタイ'/ド'コエ/イコ'オッテンダヨ
時間はあるんだから、安全運転してくれよ。	ジカンワ'/ア'ルンダカラ、アンゼンウ'ンテン_シテクレヨ
ディスプレイはモニタともいい、コンピュータなどの機器から出力される静止画、または動画の映像信号を表示する機器である。	ディ'_スプレイワ/モ'ニタトモ/イイ'、コンピュ'ウタナドノ/キ'_キカラ/_シュツリョ_クサレ'ル/セエシガ'、マタ'ワ/ドオガノ'/エエゾオシ'ンゴオオ/ヒョオジスル'/キ'キデアル
撃ち合いが少し静まったとき、パパが走ってフラットに行って、私たちにサンドイッチを持ってきてくれたわ。	ウチアイガ'/_スコ'_シ/シズマ'ッタトキ、パ'パガ/ハシ'ッテ/フラ'ットニ/イッテ'、ワタシ'タチニ/サンドイ'ッチオ/モ'ッテ_キテクレタワ
ギリシャのフットボールの試合では、一方のチームの選手は、相手チームの陣地のラインの向こう側にボールを持ち込もうとしたのです。	ギ'リシャノ/フットボ'オルノ/シアイデ'ワ、イッポ'オノ/チ'イムノ/セ'ンシュワ、アイテチ'イムノ/ジ'ンチノ/ラ'インノ/ムコオガワニ'/ボオルオ'/モ_チコ'モオト_シタノデ_ス
泳者のシンディー・ニコラスは、へとへとになって泳ぎ切った後、ドーバーでかろうじて陸に上がってきたが、海峡水泳協会のスポークスマンは、彼女がとても元気であると発表した。	エ'エシャノ/シンディイニコラスワ'、ヘトヘトニ'/ナ'ッテ/オヨギキ'ッタ/ア'ト、ド'オバアデ/カロオジテ'/リクニ'/アガッテキ'タガ、カイキョオスイエエキョ'オカイノ/_スポ'オ_クスマンワ、カ'ノジョガ/トテモ'/ゲ'ンキデアルト/ハッピョオ_シタ'
若い男女が人里離れた洋館で恐怖の一夜を過ごすという、ホラーの定番スタイルだ。	ワカ'イ/ダ'ンジョガ/_ヒトザト'/ハナ'レタ/ヨオカンデ'/キョ'オフノ/イチ'ヤオ/スゴ'_スト/イウ'、ホ'ラアノ/テエバン_スタ'イルダ
一つには、西洋人ではない人々が自分たち独自の文化に誇りを持ち始めてきたためと、また一つには、フォークを使わないそれらの地域は最も高い出生率の地域を抱えているという理由から、このことは当たっている。	_ヒト'ツニワ、セエヨ'オジンデワ/ナ'イ/_ヒト'ビトガ/ジブ'ンタチ/ド'クジノ/ブ'ンカニ/ホコリ'オ/モチハジ'メテ_キタタメト、マタ'/_ヒト'ツニワ、フォ'オクオ/_ツカワナ'イ/ソレ'ラノ/チ'イキワ/モット'モ/タカ'イ/シュッショ'オリツノ/チ'イキオ/カカエテイル'ト/イウ'/リユウカラ'、コノコ'トワ/アタッテイル'
私たちは恐怖の中で生きていて、苦しんでいるの。	ワタシ'タチワ/キョ'オフノナカデ/イ'_キテイテ、クルシ'ンデイルノ
太陽も花も楽しめないし、私たちの子供時代も楽しめないのよ。	タ'イヨオモ/ハナ'モ/タノシメ'ナイシ、ワタシ'タチノ/コドモジ'ダイモ/タノシメ'ナイノヨ
弊社のエンジニアが日本国内で販売されている同様の製品と仕様を比較した結果、非常に競合力があると判断いたしました。	ヘ'エシャノ/エンジ'ニアガ/ニホンコク'ナイデ/ハンバイサレテイル'/ドオヨオノ'/セエヒント'/シヨオオ'/_ヒカク_シタ'/ケッカ'、ヒジョオニ'/キョオゴ'オリョクガ/ア'ルト/ハ'ンダンイタシマ_シタ
ノースウエスタン大学の研究者、アイリーン・ペパーバーグは、オウムは人の口まねをするだけでなく言葉の意味を学ぶことができることを発見しつつある。	ノオスウエ_スタンダ'イガクノ/ケンキュ'ウシャ、アイリ'イン、ペパアバ'アグワ、オオムワ'/ヒトノ'/_クチマネオスルダケ'デナ_ク/コトバ'ノ/イ'ミオ/マナブコト'ガ/デキ'ルコトオ/ハッケン_シツ'ツ/ア'ル
名前をテョといいます。	ナマエオ'/テョ'ト/イイマ'_ス
ぴゅうぴゅう風が吹きこんでくる。	ピュ'ウピュウ/カゼガ'/_フキコ'ンデクル
キェー。ギェー。イェーイ。	キェ'エ、ギェ'エ、イェ'エイ
ひぇーん。びぇーん。ぴぇーん。	ヒェ'エン、ビェ'エン、ピェ'エン
プリミェー。ミェルン。ニェン。	プリ'ミェエ、ミェ'ルン、ニェ'ン
ステューデント。ダブルデュアル。	_ステュ'ウデント、ダブルデュ'アル
エテュード。エデュケーショナル。サブスティテューション。	エテュ'ウド、エデュケ'エショナル、サブ_スティテュ'ウション
ジャデャクシュ。	ジャデャ'_クシュ
ブレンドデョート。	ブレンドデョ'オト
イデュスルファーゼ。	イデュスルファ'アゼ
あっあの。	ア'ッ/アノ'
いっいえ。	イッ'/イ'エ
えっえぇ。	エ'ッ/エ'エ
おっおい。	オッオ'イ
んーとね。	ンントネ'
アンツィオ。	ア'ンツィオ
エンツォ。	エ'ンツォ
カートゥーン。	カアトゥ'ウン
スィーディー。	スィ'イディイ
ズィーブラ。	ズィ'イブラ
デピュティーガバナー。	デ_ピュティイガバ'ナア
エリュシオン。	エリュ'シオン
ガリェント。	ガリェ'ント
ラーテャン。	ラ'アテャン
女の子がキッキッ嬉しそう。	オンナ'ノコガ/キ'ッ/キ'ッ/ウレ_シソ'オ
ツァツォに旅行した。	ツァ'ツォニ/リョコオ_シタ'
民衆がテュルリー宮殿に侵入した。	ミンシュウガ'/テュルリイキュ'ウデンニ/シンニュウ_シタ'
ハイチ共和国でトゥーサンルーヴェルテュールが勝利を収められたのは、実際黄熱病のおかげだった。	ハ'イ_チ/キョオワ'コクデ/トゥウサンルウヴェルテュ'ウルガ/ショ'オリオ/オサメラ'レタノワ、ジッサイ'/オオネツビョオノ'/オカゲダ'ッタ
レジャンドルは民衆をテュルリー宮殿に招いた。	レジャ'ンドルワ/ミンシュウオ'/テュルリイキュ'ウデンニ/マネ'イタ
助言はできないとデュパンは言った。	ジョゲンワ'/デキ'ナイト/デュ'パンワ/イッタ'
フランス人シェフと日本人シェフは全然違う。	フランス'ジン/シェ'_フト/ニホンジ'ンシェフワ/ゼンゼン'/チガウ'
中国の外交団にアタッシェとして派遣された。	チュ'ウゴクノ/ガイコ'オダンニ/アタ'ッシェト_シテ/ハケンサレタ'
ファシズム勢力との総力戦に臨む。	ファシズムセ'エリョ_クトノ/ソオリョ_クセンニ'/ノゾム'
家具商人のフィシェルは、荷車と仔馬を貸してくれた。	カグショ'オニンノ/フィ'シェルワ、ニグ'ルマト/コウマオ'/カ_シテクレタ'
ローカル路線にはファンも多い。	ロオカルロ'センニワ/ファ'ンモ/オ'オイ
フェイントで相手をかわしてからシュートでフィニッシュした。	フェイントデ'/アイテ'オ/カワ_シテ'カラ/シュ'ウトデ/フィ'ニッシュ_シタ
1877、プフェファーにより浸透現象が発見された。	センハッピャクナナ'ジュウ/ナ'ナ、_プフェ'ファアニヨリ/シントオゲ'ンショオガ/ハッケンサレタ'
揺れるフェリーに乗るのは私にとって苦行です。	ユレル'/フェ'リイニ/ノル'ノワ/ワタシニ'/ト'ッテ/クギョオデ'_ス
ホルロ・アラ・ティタルッフォという特別なお料理も出ました。	ホルロアラティタルッフォト'/イウ'/トクベツナ'/オリョ'オリモ/デマ'_シタ
笛の音がなるとウサギのキッドが早速ぴょんと跳ねた。	フエノ'/オト'ガ/ナ'ルト/ウサギノ'/キ'ッドガ/サッソ_ク'/ピョ'ント/ハ'ネタ
あの旅客は噂のキャフェに行くようです。	アノ'/リョカクワ'/ウワサノ'/キャ'フェニ/イクヨ'オデ_ス
目標は一等賞です。	モ_クヒョオワ'/イット'オショオデ_ス
ウサギのキッドは気分よくピョン、またピョンと飛び続けた。	ウサギノ'/キ'ッドワ/キ'ブン/ヨ'_ク/ピョ'ン、マタ'/ピョ'ント/トビツズケタ'
アフタヌーンティーを楽しみましょう。	ア_フタヌウ'ンティイオ/タノシミマ'ショオ
彼女はティピカルなフェミニストです。	カ'ノジョワ/ティ'_ピカルナ/フェミニ'_ストデ_ス
助手たちとミッツィは探している書類を見つけられなかった。	ジョシュ'タ_チト/ミ'ッツィワ/サガ_シテイル'/ショルイオ'/ミ_ツケラレ'ナカッタ
フィレンツェ、パドヴァ、ヴェネツィアはどれもイタリアの都市です。	フィレ'ンツェ、パ'ドヴァ、ヴェネ'ツィアワ/ド'レモ/イタリアノ'/ト'シデ_ス
楽譜に次のように書いてあるのが、エーフェリチェです。	ガ_クフニ'/ツギ'ノヨオニ/カ'イテアルノガ、エエフェ'リチェデ_ス
ショペンハウエルとニーチェの哲学書を本棚から取り出した。	ショペンハウ'エルト/ニ'イチェノ/テツガ_クショオ'/ホ'ンダナカラ/トリダ'_シタ
早速召使い全員に知らせましょう。	サッソク'/メ_シツ'カイ/ゼンインニ'/シラセマショ'オ
重い綿入を脱いで、あわせに着替える。	オモイ'/ワタイ'レオ/ヌ'イデ、アワ'セニ/キガエ'ル
ボストンで、とあるチョプスイ屋へ入って夕飯を食った。	ボ'_ストンデ、トア'ル/チョ_プスイヤエ'/ハ'イッテ/ユウハンオ'/ク'ッタ
ろくすっぽ休憩をとらず働いた。	ロ_クスッポ'/キュウケエオ'/ト'ラズ/ハタライタ'
かつて一人で国府に侵入した。	カ'_ツテ/_ヒト'リデ/コ'_クフニ/シンニュウ_シタ'
だが、今日お前がここへ御入来になったのは、どんなご用なのかな？	ダ'ガ、キョ'オ/オマエガ'/ココエ'/ゴニュウライニ'/ナ'ッタノワ、ド'ンナ/ゴヨ'オナノカナ？
サブフランチャイザーを増やして目指せ百店舗。	サブフランチャイ'ザアオ/フヤ'_シテ/メザ'セ/ヒャ_クテ'ンポ
四国でお遍路を行脚しよう。	シ'コクデ/オヘ'ンロオ/ア'ンギャシヨオ
いつもの通りギャンギャン泣き出しました。	イ'ツモノ/トオリ'/ギャ'ンギャン/ナキダシマ'_シタ
先生は、立ったままニュースを見ていました。	センセ'エワ、タ'ッタママ/ニュ'ウスオ/ミ'テイマ_シタ
私はギョッと目を見開いた。	ワタシワ'/ギョ'ット/メ'オ/ミヒライタ'
友達へニューイヤーカードを送ろう。	トモダチエ'/ニュウイヤアカ'アドオ/オクロオ'
家政婦は休みにおしゃれなアウターウェアに身を包み一人で屋台を楽しみました。	カセ'エフワ/ヤスミ'ニ/オシャ'レナ/アウタ'アウェアニ/ミオ'/_ツツ'ミ/_ヒト'リデ/ヤ'タイオ/タノシミマ'_シタ
ウォッカのお供には塩漬けのきゅうりがあいます。	ウォ'ッカノ/オト'モニワ/シオズケノ'/キュ'ウリガ/アイマ'_ス
山の向こうのミュンヒェンの人たちが攻撃をしかけた。	ヤマ'ノ/ムコ'オノ/ミュ'ンヒェンノ/ヒト'タチガ/コオゲキオ'/_シカ'ケタ
ボスニア国境からの攻撃により、十一月にヴァリェヴォが占領された。	ボスニアコ'ッキョオカラノ/コオゲキニヨリ'、ジュウイチガツ'ニ/ヴァ'リェヴォガ/センリョオサレタ'
シルヴィウスはデュボアと呼ばれていたフランスのユグノーの家に生まれた。	シルヴィ'ウスワ/デュ'ボアト/ヨバレテイタ'/フランスノ'/ユ'グノオノ/イエ'ニ/ウマレタ'
そのほかに私に出来ることはなかったのです、百合枝は涙声になった。	ソノ'ホカニ/ワタシニ'/デキ'ルコトワ/ナ'カッタノデ_ス、ユリ'エダワ/ナミダゴ'エニ/ナ'ッタ
ガル博士百体近く。	ガルハ'カセ/ヒャク'タイ/チ'カク
日本政府からの百兆円を超える予算要求。	ニホンセ'エ_フカラノ/ヒャク'/チョ'オエンオ/コエル'/ヨサンヨ'オキュウ
写経の美しさに私は仰天してしまった。	シャキョオノ'/ウ_ツクシ'サニ/ワタシワ'/ギョオテン_シテシマッタ'
ソプラノ歌手ポリランダチョは歌劇アイーダの特別名歌手と評判です。	ソプラノ'カ_シュポリランダチョワ/カ'ゲキ/アイ'イダノ/トクベツ'/メ'エカ_シュト/ヒョオバンデ'_ス
貴方には最初百ポンド渡します。	アナ'タニワ/サイショ'/ヒャ_クポ'ンド/ワタシマ'_ス
社長からの指示です。	シャチョオカラ'ノ/シ'ジデ_ス
どうも気まぐれというものは多少メフィスティックなものであるらしい。	ド'オモ/キマグレト'/イウモノ'ワ/タショオ'/メ_フィスティ'ックナモノデアルラシイ
蛙がピョコピョコ飛び回っています。	カエルガ'/ピョ'コピョコ/トビマワ'ッテイマ_ス
魔境に足を踏み入れる。	マキョオニ'/アシ'オ/フミイレ'ル
ヴァンダーヴォットタイム中は、いわゆるパーティーのようで晴れやかです。	ヴァンダアヴォットタイムチュウワ'、イワユ'ル/パ'アティイノヨオデ/ハレ'ヤカデ_ス
スピリッツとは蒸留酒の事です。	_スピ'リッ_ツトワ/ジョオリュ'ウシュノコトデ_ス
ヌルシアのベネディクトゥスはアポロン神殿を壊し、ベネディクト会の修道院を建てた。	ヌル'シアノ/ベネディク'_トゥスワ/アポロンシ'ンデンオ/コワ'シ、ベネディ_クト'カイノ/シュウド'オインオ/タ'テタ
ちょうどそのとき、デストゥパーゴがコップをもって立ちあがりました。	チョオド'/ソノト'キ、デ_ストゥパ'アゴガ/コップオ'/モ'ッテ/タチアガリマ'_シタ
パフィーのグッズが残らず部屋に落ち着いた。	パ'フィイノ/グ'ッズガ/ノコラ'ズ/ヘヤ'ニ/オ_チツイタ'
エピファーノフは財布を無くした。	エ_ピファ'アノフワ/サイフオ'/ナ_クシタ'
ポピュラーなソフトを使いセキュアな状態を復旧する。	ポ'ピュラアナ/ソ'_フトオ/_ツカイ'/セ'キュアナ/ジョオタイオ'/フッキュウスル'
チョコの在庫あったかな？	チョ'コノ/ザイコ'/ア'ッタカナ？
おめえ、この仕込みにゃあ、どのくれえ時間かかるか知ってっか。	オメエ'、コノ'/_シコミニャ'/ア'、ド'ノクレエ/ジカン'/カカ'ルカ/シッテッカ'
それに、このほうが体のためにゃずっといいんだからね。	ソレニ'、コノホ'オガ/カラダノタメ'ニャ/ズット'/イ'インダカラネ
夏休みに、トラアヴェミュンへ旅行した。	ナツヤ'スミニ、トラアヴェ'ミュンエ/リョコオ_シタ'
ここで一緒にウェイクフィールドの叔母を待った。	ココデ'/イッショニ'/ウェイ_クフィ'イルドノ/オバオ'/マ'ッタ
八つになるウォルターと一緒に出た兄弟がいたが、ウォルターだけ発見された。	ヤッツ'ニ/ナ'ル/ウォル'タアト/イッショニ'/デ'タ/キョ'オダイガ/イタ'ガ、ウォル'タアダケ/ハッケンサレタ'
最初のジョブはウォーリアがいいと思います。	サイショノ'/ジョ'ブワ/ウォ'オリアガ/イ'イト/オモイマ'_ス
およそ六百メートル先を右折です。	オヨソ'/ロッピャクメエトルサキオ'/ウセツデ'_ス
新店オープンのレセプションに沢山のお客さんを招待した。	シンテンオ'オプンノ/レセ'_プションニ/タ_クサ'ンノ/オキャ_クサンオ'/ショ'オタイ_シタ
脚本作者ピエール・オービュルナンの給仕クレマンが、主人の書斎の戸を大切そうに開いた。	キャ_クホンサ'_クシャピエエルオオビュルナンノ/キュ'ウジクレマンガ、シュ'ジンノ/ショサイノ'/トオ'/タイセツソ'オニ/ヒラ'イタ
われわれは、天主教徒か長老教会派のもので、天主教徒が多数を占めている。	ワレワレワ'、テン_シュキョ'オトカ/チョオロオキョオ'/カ'イハノモノデ、テン_シュキョ'オトガ/タス'ウオ/シ'メテイル
結局のところお互い五十歩百歩だ。	ケッキョク'ノトコロ/オタガイゴジュッポヒャ'ッポダ
突拍子もない話だが、決して嘘ではない。	トッピョオシモ'/ナ'イ/ハナシ'ダガ、ケッ_シテ'/ウ'ソデワナイ
ネットで懸案の解決を目指す。	ネットデ'/ケンアンノ'/カイケツオ'/メザ'ス
切れ味鋭いペティナイフは使い勝手が良い。	キレ'アジ/スルド'イ/ペティナ'イフワ/_ツカイガ'ッテガ/ヨ'イ
指をくわえてぴゅーと一声口笛を吹いた。	ユビ'オ/クワエテ'/ピュ'ウト/イッセエク'チブエオ/フ'イタ
クレンペ教頭は無骨な男だが、自分の学問の秘密には深く浸っていた。	クレンペキョ'オトオワ/ブコツナ'/オトコ'ダガ、ジブンノ'/ガク'モンノ/ヒミツニ'ワ/_フカ'_ク/ヒタッテイタ'
尻尾ふりたて、ひげくいそらす。	シッポ'/フリタ'テ、ヒゲ'/クイソラ'ス
すべての獲物を望みどおりに狙う技術がある。	ス'ベテノ/エモノオ'/ノゾミド'オリニ/ネラウ'/ギ'ジュツガ/ア'ル
タコのグニャグニャした感触が嫌だ。	タ'コノ/グ'ニャグニャ_シタ/カンショクガ'/イヤ'ダ
私たちは、抽象的意識的自己を否定することで、本当の自己とは身心一如だということを知る。	ワタシ'タチワ、チュウショオテキ'/イ_シキテキ'/ジ'コオ/_ヒテエスルコト'デ、ホントオノ'/ジ'コトワ/シンシンイチ'ニョダト/イウコト'オ/シル'
鹿島明神が釘で刺し貫いて、魚が動かないようにしている。	カシマミョ'オジンガ/クギデ'/サ_シツラヌ'イテ、サカナガ'/ウゴカ'ナイヨオニ_シテイル
私は手始めに、同業者から話を聞く努力をした。	ワタシワ'/テハ'ジメニ、ド'オ/ギョ'オシャカラ/ハナシ'オ/_キク'/ド'リョクオ_シタ
とてもうれしそうにぴょんぴょん跳ねて出ていった。	トテモ'/ウレ_シソ'オニ/ピョ'ンピョン/ハ'ネテ/デ'テイッタ
二分だけのオルガン演奏で終わってしまった。	ニ'フンダケノ/オルガンエ'ンソオデ/オワッテシマッタ'
ニセ教会に騙されるな。	ニセキョ'オカイニ/ダマサレ'ルナ
およそ百年前には、薬剤として薬屋で売っていた。	オヨソ'/ヒャクネンマ'エニワ、ヤク'ザイト_シテ/_クスリヤデ'/ウッテイタ'
いっそ脚本家を目指した方がいいかとも考えた。	イッソ'/キャ_クホンカオ'/メザ'_シタホオガ/イ'イカトモ/カンガ'エタ
この書物に誤謬があっても、純一でない何ものにもインフェクトしないでしょう。	コノ'/ショ'モツニ/ゴビュウガ'/ア'ッテモ、ジュンイツデナ'イ/ナニモノニ'モ/インフェ_クトシ'ナイデショオ
仏教はインド由来の宗教です。	ブ'ッキョオワ/インドユ'ライノ/シュ'ウキョオデ_ス
キャリーバッグは旅行に必須。	キャリイバ'ッグワ/リョコオニ'/ヒッス'
本番前はメチャメチャ不安になる。	ホンバンマ'エワ/メチャメチャ'/フアンニ'/ナ'ル
三角関数においてピュタゴラスの定理は必須です。	サンカ_クカンス'ウニオイテ/_ピュタゴ'ラスノ/テ'エリワ/ヒッスデ'_ス
著名なラニョン博士が患者と接していた。	チョメエナ'/ラニョンハ'カセガ/カンジャト'/セッ_シテイタ'
おもちゃの刀を持った少年が、お百度石に寄りかかっている。	オモ'チャノ/カタナ'オ/モ'ッタ/ショオネンガ'、オヒャクド'セキニ/ヨリカカ'ッテイル
食料の補給が急務であると伝えられた。	ショク'リョオノ/ホキュウガ'/キュ'ウムデアルト/_ツタエラ'レタ
展示会であの作品のみ不評だった。	テンジ'カイデ/アノ'/サ_クヒンノ'ミ/フヒョオダ'ッタ
客人をもてなすのは当然です。	キャクジンオ'/モテナ'スノワ/トオゼンデ'_ス
旅行客が楽しめるように工夫しましょう。	リョコ'オキャクガ/タノシメ'ルヨオニ/_クフウシマショ'オ
こんな冗談のようなニュースはない。	コンナ'/ジョオダ'ンノヨオナ/ニュ'ウスワナイ
小さい星をたくさん描いた、水飲みグラスはよくある。	チイサ'イ/ホシオ'/タ_クサン'/エガ'イタ、ミズノミグ'ラスワ/ヨ'ク/ア'ル
柄は、猫の尻尾でもあるように、尖端をぶるぶると震わせながら、動いていく。	ガラワ'、ネ'コノ/シッポ'デモ/ア'ルヨオニ、センタンオ'/ブ'ルブルト/フルワセナ'ガラ、ウゴ'イテイク
開店当初プリンが一番売れていた。	カイテン'/ト'オショ/プ'リンガ/イチバン'/ウレテイタ'
ロナルドホープ大尉が大将のマンションへ急行しました。	ロナルドホオ_プタ'イイガ/タ'イショオノ/マ'ンションエ/キュウコオシマ'_シタ
日刊センティナル紙のヘプバンです。	ニッカンセンティナル'シノ/ヘプ'バンデ_ス
この宝石は、ひとつ百万円以上のお値段です。	コノ'/ホオセキワ'、_ヒト'ツ/ヒャク'/マンエン'/イ'ジョオノ/オネダンデ'_ス
チョウチョと仲良くなるんだから。	チョ'オチョト/ナ'カヨク/ナ'ルンダカラ
宇宙では、エントロピーは無際限に増大している。	ウ'チュウデワ、エントロ'ピイワ/ムサ'イゲンニ/ゾオダイ_シテイル'
川の中流に集落がある。	カワ'ノ/チュウリュウニ'/シュ'ウラクガ/ア'ル
是非お話させて頂きたいと思います。	ゼ'ヒ/オハナ_シサセテ'/イタダ_キタ'イト/オモイマ'_ス
お隣さんが蒟蒻を持っていらっしゃる。	オトナリサンガ'/コンニャ'クオ/モッテイラッシャ'ル
パーティーは楽しむものです。	パ'アティイワ/タノシ'ムモノデ_ス
おてつと大きく書かれた番茶茶碗は、これらの人々の前に置かれた。	オテ_ツト'/オ'オ_キク/カカレタ'/バンチャ'ジャワンワ、コレ'ラノ/_ヒト'ビトノ/マ'エニ/オカレタ'
私のポケットの中には携帯電話が入っています。	ワタシノ'/ポケ'ットノナカニワ/ケエタイデ'ンワガ/ハ'イッテイマ_ス
彼は今度は牧場へ行って、沼地で小悪魔の尻尾一つ見つけました。	カ'レワ/コ'ンドワ/ボクジョオエ'/イッテ'、ヌマチデ'/コア'クマノ/シッポ'/_ヒト'ツ/ミ_ツケマ'_シタ
五行説による占いがあるという情報あり。	ゴギョ'オセツニヨル/ウラナイガ'/ア'ルト/イウ'/ジョオホオ'/ア'リ
テンプル君、既に真逆だと言った。	テ'ンプルクン、ス'デニ/マ'ギャクダト/イッタ'
世界中の様々なモニュメントを訪ね歩いた。	セカイジュウノ'/サマ'ザマナ/モ'ニュメントオ/タズネアル'イタ
アンソニー・ホプキンスは有名な俳優です。	アンソニイホプキンスワ'/ユウメエナ'/ハイユウデ'_ス
彼女は出来るだけぴったりと耳をあてて聴きました。	カ'ノジョワ/デキルダケ'/ピッタ'リト/ミミ'オ/アテテ'/_キキマ'_シタ
茶一つ参らぬか、まあいいで。	チャ'/_ヒト'ツ/マイラ'ヌカ、マ'ア/イ'イデ
ボヤですんでよかった。	ボ'ヤデ_スンデ/ヨ'カッタ
モンタギュ・ゴーシ卿がマンチェスターに来た。	モンタギュゴオシ'/キョ'オガ/マンチェ'_スタアニ/キ'タ
ウィスキーの水割りをガッツリ飲んだ。	ウィ'_スキイノ/ミズワリオ'/ガッツ'リ/ノ'ンダ
これやお祭りを若いものに見せるにゃ持ってこいだ。	コレヤ'/オマツリオ'/ワカ'イモノニ/ミセ'ルニャ/モ'ッテ/コ'イダ
私はイメージカラーをピンクに決めた。	ワタシワ'/イメエジカ'ラアオ/ピ'ンクニ/キメタ'
ムニャムニャ、もう食べれません。	ム'ニャムニャ、モ'オ/タベレマセ'ン
満洲は雨季以外には雨が少ないと言われているが、わたしが満洲にあるあいだは、大戦中のせいか、ずいぶん雨が多かった。	マ'ンシュウワ/ウ'キイガイニワ/ア'メガ/_スクナ'イト/イワレテイル'ガ、ワタシガ'/マ'ンシュウニ/ア'ル/アイダワ'、タイセンチュウノセ'イカ、ズ'イブン/ア'メガ/オ'オカッタ
均一居酒屋では一番売れても二人で八千円くらいだ。	キンイツイ'ザカヤデワ/イチバン'/ウレテ'モ/_フタリ'デ/ハッセンエンク'ライダ
願いをかなえる。	ネガ'イオ/カナエ'ル
最初辛かったけど、花や園芸が好きだったから、失意が癒やされないこともない。	サイショ'/カラ'カッタケド、ハナ'ヤ/エンゲエガ'/_スキ'ダッタカラ、シ'ツイガ/イヤサレ'ナイコトモ/ナ'イ
ペピス爺さんはもう寝るらしい。	ペ_ピスジ'イサンワ/モ'オ/ネルラシ'イ
直ぐウィルキンソンを呼びに行け。	ス'グ/ウィルキ'ンソンオ/ヨビニ'/イケ'
お昼前ジャスパーさん宅へ再びお邪魔しました。	オヒルマ'エ/ジャ'_スパアサン/タク'エ/_フタタビ'/オジャマシマ'_シタ
その竜の百の頭が恐ろしい。	ソノ'/リュ'ウノ/ヒャク'ノ/アタマ'ガ/オソロシ'イ
必要なミョウバンの量はプリントに書いてあります。	_ヒツヨオナ'/ミョオバンノ'/リョ'オワ/プリントニ'/カ'イテアリマ_ス
マリー・ロジェはパヴェサンタンの家を出た。	マ'リイ、ロジェワ'/パヴェサ'ンタンノ/イエ'オ/デ'タ
読み進むにつれ、ますます興味が湧いた。	ヨミスス'ムニ/ツレ'、マス'マ_ス/キョ'オミガ/ワイタ'
笑いかけながら一二歩近寄った。	ワライカケナ'ガラ/ジュウニ'ホ/_チカヨ'ッタ
地表を緑化して、温暖化を抑止する能力を強くする。	チヒョオオ'/リョッカ_シテ'、オンダンカオ'/ヨ_クシスル'/ノ'オリョクオ/ツヨ'_クスル
ハサミでプツッと切った切れ端をペットにあげた。	ハサミ'デ/プ'ツット/キ'ッタ/キレハシオ'/ペ'ットニ/ア'ゲタ
ホームランを打つ。	ホオム'ランオ/ウ'ツ
プレゼントをギャロウェイさんに渡してください。	プレ'ゼントオ/ギャロウェ'イサンニ/ワタ_シテクダサ'イ
ケプラーの法則について直接私に聞いてきた。	ケ'プラアノ/ホオソクニ'/ツ'イテ/チョ_クセツ'/ワタシニ'/キイテキ'タ
ウェンディーズはハンバーガー屋さんです。	ウェ'ンディイズワ/ハンバアガアヤサンデ'_ス
しかし氷河はアルプスだけにあるものではない。	_シカ'_シ/ヒョ'オガワ/ア'ル_プスダケニ/ア'ルモノデワナイ
この先百年も抹茶は衰退しない。	コノサ_キ'/ヒャク'ネンモ/マッチャワ'/スイタイシナ'イ
自分を評価するのは会社であって、行き過ぎた自己表現は失脚につながる。	ジブンオ'/ヒョ'オカスルノワ/カイシャデア'ッテ、イ_キス'ギタ/ジコヒョ'オゲンワ/シッキャクニ'/ツナガル'
夜に吹く風のヒュウヒュウという音が私を不安にさせる。	ヨ'ルニ/フ'_ク/カゼノ'/ヒュウ'ヒュウト/イウ'/オト'ガ/ワタシオ'/フアンニサセ'ル
可愛い華奢な女の子。	カワイ'イ/キャシャナ'/オンナ'ノコ
水中の金魚をすくうためのポイ。	スイチュウノ'/キ'ンギョオ/_スクウタメ'ノ/ポ'イ
グレンエルギンはウィスキーの蒸留所です。	グレンエル'ギンワ/ウィ'_スキイノ/ジョオリュウショ'デ_ス
一寸法師が、ヒョコヒョコと彼の方へ近づいた。	イッスンボ'オシガ、ヒョ'コヒョコト/カ'レノホオエ/_チカズ'イタ
連中はリビングでぺちゃくちゃ喋って、警戒していない。	レンチュウワ'/リ'ビングデ/ペ'チャ_クチャ/シャベ'ッテ、ケエカイ_シテイナ'イ
平一郎はシャツ一枚になって絹物の布団の中へ潜りこんだ。	ヘエイ'チロオワ/シャ'ツ/イチ'マイニ/ナ'ッテ/キヌ'モノノ/_フトンノナ'カエ/モグリコ'ンダ
下京区に引っ越す。	シモギョ'オクニ/ヒッコ'ス
彼の言葉に一種不思議な感覚を覚えた。	カ'レノ/コトバ'ニ/イ'ッ_シュ/フシギナ'/カンカクオ'/オボ'エタ
この事業所には百人以上の人が勤めています。	コノ'/ジギョオショ'ニワ/ヒャクニンイ'ジョオノ/_ヒトガ'/_ツト'メテイマ_ス
わたしの家ばかりでなく、近所の住居といわず、商店といわず、バラックの家々ではみな草花を植えている。	ワタシノ'/イエ'バカリデナク、キ'ンジョノ/ジュ'ウキョト/イワ'ズ、ショ'オテント/イワ'ズ、バラ'ックノ/イエ'イエデワ/ミナ'/_クサ'バナオ/ウエテイル'
どうせ私は馬の世話をせにゃならんから、外へ行こう。	ドオセ'/ワタシワ'/ウマ'ノ/セワ'オセニャ/ナラ'ンカラ、ソ'トエ/イコ'オ
ヤン・セチャンというお笑い芸人。	ヤ'ン、セ'チャント/イウ'/オワライゲ'エニン
男が妙な顔をして、一瞬残忍になった。	オトコ'ガ/ミョ'オナ/カオオ_シテ'、イッシュン'/ザンニンニ'/ナ'ッタ
普及活動に幻滅した。	_フキュウカ'ツドオニ/ゲンメツ_シタ'
雨がぽつぽつ降りだした。	ア'メガ/ポ'_ツポツ/フリダ'_シタ
ペリウィンクルやプランティンはブルーアイです。	ペリウィ'ンクルヤ/プラ'ンティンワ/ブル'ウアイデ_ス
姫や侍女たちが、キンポウゲやタンポポの花を持って、彼の方へ駆け寄っていった。	ヒ'メヤ/ジ'ジョタチガ、キンポ'ウゲヤ/タ'ンポポノ/ハナ'オ/モ'ッテ、カ'レノホオエ/カケヨ'ッテイッタ
皆の協力のおかげで帰郷できた。	ミナ'ノ/キョオリョクノ'/オカゲデ'/_キキョオ'/デ'_キタ
ウォルターとウォードが入室すると、ノラが真っ赤になった。	ウォ'ルタアト/ウォ'オドガ/ニュウ_シツスル'ト、ノ'ラガ/マッカ'ニ/ナ'ッタ
今の持ち札ではあがれずに終わる。	イ'マノ/モチ'サツデワ/アガレ'ズニ/オワル'
勉強中は話しかけないで。	ベンキョオチュウワ'/ハナ_シカケ'ナイデ
レパードの花壇が枯れ果てた。	レパ'アドノ/カ'ダンガ/カレハ'テタ
蒸留酒にミョウバンを加える。	ジョオリュ'ウシュニ/ミョオバンオ'/クワエ'ル
取っつきにくい女中が三人いる。	トッ_ツキニク'イ/ジョチュウガ'/サンニ'ン/イル'
レインボーブリッジは東京の名所。	レインボオブリ'ッジワ/トオキョオノ'/メエショ'
卑怯者は悪党です。	_ヒキョオモノワ'/ア_クト'オデ_ス
突然海へ飛び込んだ。	トツゼン'/ウ'ミエ/トビコ'ンダ
仕事はどっさりとあります。	シゴトワ'/ドッサ'リト/アリマ'_ス
葉巻パイプはありましたか。	ハマ_キパ'イプワ/アリマ'_シタカ
八百屋に行って百円で大根を買った。	ヤオヤニ'/イッテ'/ヒャクエンデ'/ダイコンオ'/カッタ'
般若とは鬼女の能面の事です。	ハ'ンニャトワ/キ'ジョノ/ノオメンノコ'トデ_ス
日本へ行くには船か飛行機が必要です。	ニホ'ンエ/イクニ'ワ/フ'ネカ/_ヒコ'オキガ/_ヒツヨオデ'_ス
しかしパーで回るのも難しい。	_シカ'_シ/パ'アデ/マワル'ノモ/ムズカシ'イ
のぼせないように入浴するにはお湯の量と温度が大事。	ノボセナ'イヨオニ/ニュウヨ_クスルニ'ワ/オユノ'/リョ'オト/オ'ンドガ/ダイジ'
鬼太郎くんは冗談半分で盗みに入って怪我をした。	オニ'タロオクンワ/ジョオダ'ン/ハンブ'ンデ/ヌス'ミニ/ハ'イッテ/ケガ'オ_シタ
バーニ医師がピシッと答えた。	バアニ'イシガ/_ピシ'ット/コタ'エタ
男の妙な動きが怪しい。	オトコ'ノ/ミョ'オナ/ウゴキ'ガ/アヤシ'イ
私の病気は先天性なのです。	ワタシノ'/ビョオキワ'/センテンセエナ'ノデ_ス
三国志の関羽という将軍はすごく有名です。	サンゴク'シノ/カ'ンウト/イウ'/ショオグンワ'/スゴ'ク/ユウメエデ'_ス
過酷な業務に耐える。	カコクナ'/ギョ'オムニ/タエ'ル
町の女房らしい二人連れが、日傘を持って入ってきた。	マチ'ノ/ニョ'オボオラシイ/_フタリズレガ'、ヒガ'サオ/モ'ッテ/ハ'イッテ_キタ
名をツァウォツキイといった。	ナオ'/ツァウォツ'キイト/イッタ'
飲み会の参加を拒否した。	ノミカイノ'/サンカオ'/キョ'ヒ_シタ
夫人が仰天したのも無理はない。	フジンガ'/ギョオテン_シタ'ノモ/ム'リワナイ
セファドールはめまいを抑える薬です。	セファド'オルワ/メマ'イオ/オサエ'ル/_クスリデ'_ス
明の一訓詁学者は、宋代典籍の一つにあげてある茶せんの形状を思い起こすに苦しんでいる。	ア'カリノ/イ_チクンコガ'_クシャワ、ソ'オダイ/テンセキノ'/_ヒト'ツニ/ア'ゲテアル/チャセンノ'/ケエジョオオ'/オモイオコ'スニ/クルシ'ンデイル
深海魚は見た目は悪いがおいしいことが多い。	シンカ'イギョワ/ミタメワ'/ワル'イガ/オイシ'イコトガ/オ'オイ
ニューヨークでイヴニングポストの記事に注目した。	ニュウヨ'オクデ/イヴニングポ'_ストノ/キ'ジニ/チュウモク_シタ'
確かに牛乳とコーンフレークの相性は抜群だ。	タ'_シカニ/ギュウニュウト'/コオンフレ'エクノ/アイショ'オワ/バツグンダ'
その一は、明治三十七年の九月八日か九日の夜とおぼえている。	ソノ'/イチ'ワ、メ'エジ/サ'ンジュウ/ナナ'ネンノ/ク'ガツ/ヨオカカ'/ココノカノ'/ヨ'ルト/オボ'エテイル
マルメゾンの店主はジェシーとは仲良しだ。	マルメ'ゾンノ/テ'ンシュワ/ジェ'シイトワ/ナカ'ヨシダ
釣竿を肩にかけた処士あり。	ツリザオオ'/カ'タニ/カ'ケタ/ショ'シ/ア'リ
最新鋭機に乗り込む。	サイシンエ'エキニ/ノリコ'ム
誰かが後ろへ来て、変な声で叫んだのでぞっとした。	ダ'レカガ/ウシロエ'/キ'テ、ヘ'ンナ/コ'エデ/サケ'ンダノデ/ゾット_シタ'
おおでらの石段の前に立ち止まって、その出て来るのを待ちあわせた。	オオデ'ラノ/イシダンノ'/マ'エニ/タチドマ'ッテ、ソノ'/デ'テクルノオ/マチアワ'セタ
未解決の懸案を持って重役と対峙する。	ミカ'イケツノ/ケンアンオ'/モ'ッテ/ジュウヤ_クト'/タ'イジスル
薄月の光が庭を照らす。	ウス'_ツキノ/_ヒカリ'ガ/ニワオ'/テラス'
犯人がどっちの部屋へ入ったかわからない。	ハ'ンニンガ/ド'ッチノ/ヘヤ'エ/ハ'イッタカ/ワカラ'ナイ
渓谷から出た氷河が一本に合流する。	ケエコ_クカラ'/デ'タ/ヒョ'オガガ/イ'ッポンニ/ゴオリュウスル'
ディスカッションを進める。	ディ_スカ'ッションオ/ススメル'
九頭竜明神を祭るために灯篭をながす。	クズリュウミョ'オジンオ/マツルタメ'ニ/トオロオオ'/ナガ'ス
今回の資料作りは深い思慮を必要としたが、先日やっと終了した。	コ'ンカイノ/シリョオズ'クリワ/_フカ'イ/シ'リョオ/_ヒツヨオト_シタ'ガ、センジツ'/ヤット'/シュウリョオ_シタ'
骨子をしっかりと組み立てる。	コ'ッシオ/シッカ'リト/クミタテ'ル
気球にのって空を楽しむ。	_キキュウニ'/ノッテ'/ソ'ラオ/タノシ'ム
批評ばかりでなく対案も出すべき。	ヒヒョオバ'カリデナ_ク/タイアンモ'/ダ'スベキ
かれらは幕のあいだに木戸の外を散歩しているのである。	カレ'ラワ/マク'ノ/アイダニ'/キ'ドノ/ソ'トオ/サンポ_シテイル'ノデアル
過去の数々の奇病が治るようになりつつある。	カ'コノ/カ'ズカズノ/キビョオガ'/ナオ'ルヨオニ/ナリツ'ツ/ア'ル
購入者はポンプの修理が必要なことに気がついた。	コオニュ'ウシャワ/ポ'ンプノ/シュ'ウリガ/_ヒツヨオナコト'ニ/キガツイタ'
彼自身は、レジ業務につきたいと思っている。	カ'レ/ジ'シンワ、レジギョ'オムニ/ツ'_キタイト/オモ'ッテイル
地毛は金色なんです。	ジゲワ'/キンイロナ'ンデ_ス
鉛筆は折れやすくて不便です。	エン_ピツワ'/オ'レヤ_スクテ/フ'ベンデ_ス
ヒポクラテスは医学の父と呼ばれます。	_ヒポクラ'テスワ/イ'ガクノ/チ'_チト/ヨバレマ'_ス
ところが商人は、国ざかいのすぐ近くへ住まって、やはり前と同じようにやっています。	トコロ'ガ/ショ'オニンワ、クニザ'カイノ/ス'グ/チ'カクエ/スマ'ッテ、ヤハ'リ/マ'エト/オナジヨオニ'/ヤッテイマ'_ス
今まで明るかった二階の窓は、急にまっくらになってしまいました。	イママ'デ/アカル'カッタ/ニカイノ'/マ'ドワ、キュウニ'/マック'ラニ/ナ'ッテシマイマ_シタ
アスファルトに囲まれた中にケヤキの木が一本。	ア_スファ'ルトニ/カコマレタ'ナカニ/ケヤキノ'/キ'ガ/イ'ッポン
名札を用意する。	ナフダオ'/ヨ'オイスル
マッチョな男性はモテるそう。	マ'ッチョナ/ダンセエワ'/モテ'ルソオ
社務所の人の話に嘘はなかった。	シャムショ'ノ/ヒトノ'/ハナシ'ニ/ウ'ソワ/ナ'カッタ
行楽シーズンの京都は人でいっぱい。	コオラ_クシ'イズンノ/キョ'オトワ/ヒトデ'/イッパイ'
どこからかパチパチと音が聞こえる。	ドコカ'ラカ/パチ'/パチ'ト/オト'ガ/_キコエル'
プロ野球はどのチームが優勝するだろう？	プロヤ'キュウワ/ド'ノ/チ'イムガ/ユウショオスルダ'ロオ？
しかし、これではまるで私が誘拐しましたと自首して出るようなもので、そんな馬鹿なことをするやつはあるまい。	_シカ'シ、コレデ'ワ/マルデ'/ワタシガ'/ユウカイシマ'_シタト/ジシュ_シテ'/デ'ルヨオナモノデ、ソンナ'/バ'カナコトオスル/ヤツワアルマ'イ
切望しつつ、主を待つ。	セツボオ_シツ'ツ、ヌ'シオ/マ'ツ
しばらくしてパチパチという音も止んだ。	シバ'ラク_シテ/パチ'/パチ'ト/イウ'/オト'モ/ヤ'ンダ
身分をわきまえず放った狂言。	ミ'ブンオ/ワキマエ'ズ/ホオッタ'/キョオゲ'ン
天を翔ける竜の姿は神秘的だ。	テ'ンオ/カケ'ル/リュ'ウノ/ス'ガタワ/シン_ピテキダ'
私の精神と一脈相通じるものがあると思いました。	ワタシノ'/セ'エシント/イチミャク'ソオ/ツウジルモノ'ガ/ア'ルト/オモイマ'_シタ
皆も球場に行きましょう。	ミナ'モ/キュウジョオニ'/イキマショ'オ
コペルニクスはポーランドの天文学者です。	コペルニ'_クスワ/ポ'オランドノ/テンモンガク'シャデ_ス
海沿いの旅館は眺めがいい。	ウミゾイノ'/リョカンワ'/ナガメ'ガ/イ'イ
集中すると周りが見えない。	シュウチュウスル'ト/マワリガ'/ミエ'ナイ
春木座は今日の本郷座である。	ハルキザワ'/キョ'オノ/ホンゴオザデアル'
私の手を引っ張るようにして、手のひらへくれました。	ワタシノ'/テ'オ/ヒッパ'ルヨオニ_シテ、テ'ノヒラエ/クレマ'_シタ
北海の荒波は、その氷の絶壁の根を噛んで、激しく飛沫を散らしている。	ホッカイノ'/アラナミワ'、ソノ'/コオリノ'/ゼッペキノ'/ネ'オ/カ'ンデ、ハゲシ'_ク/シブキオ'/チラ_シテイル'
戦意を喪失させるのが勝利への近道。	セ'ンイオ/ソオ_シツサセ'ルノガ/ショ'オリエノ/_チカ'ミチ
がちょうを飼う。	ガチョオオ'/カ'ウ
ふぁふぁと笑いながら楽しく手拍子。	ファ'ファト/ワライナ'ガラ/タノシ'_ク/テビョ'オシ
従軍記者は大尉相当の待遇を受ける。	ジュウグ'ン_キシャワ/タイイソ'オトオノ/タイグウオ'/ウケ'ル
茶碗にかかるほど、シャツの袖のふくらかなので、掻き抱く体に茶碗を持った。	チャワンニ'/カカルホド'、シャ'ツノ/ソデノ'/_フク'ラカナノデ、カキイダ'_ク/カラダニ'/チャワンオ'/モ'ッタ
色々隠して今日まで犯人と共にいる。	イロイロ'/カク'_シテ/キョ'オマデ/ハ'ンニント/トモニ'/イル'
浦子は寝ながら息を引いた。	ウラコワ'/ネナ'ガラ/イ'キオ/ヒイタ'
兄が邪険にされた。	ア'ニガ/ジャケンニサレタ'
彼は不服そうに呟いた。	カ'レワ/フ_フクソ'オニ/ツブヤ'イタ
摸造品ばかりでなく、本物のドイツ将校や兵卒のヘルメットを売っているのもある。	モゾオヒンバ'カリデナク、ホンモノノ'/ドイツショ'オコオヤ/ヘエソツノ'/ヘ'ルメットオ/ウッテイル'ノモ/ア'ル
彼女と一緒にいると落ち着きます。	カ'ノジョト/イッショニ'/イル'ト/オ_チツキマ'_ス
困ってる人に向けて寄付をしました。	コマッテ'ル/ヒトニ'/ムケテ'/キ'フオシマ_シタ
落ち込んでいるのか、うつむいてじっとしている。	オ_チコ'ンデイルノカ、ウツム'イテ/ジット_シテイル'
改良が進むとパンはどんどんおいしくなる。	カイリョオガ'/ススム'ト/パ'ンワ/ド'ンドン/オイシ'クナル
こんなことを言いながら、気の短いおじいさんは下駄を突っかけて、そそくさと出て行ってしまった。	コンナコ'トオ/イイナ'ガラ、キノ'/ミジカ'イ/オジ'イサンワ/ゲタオ'/ツッカ'ケテ、ソ'ソ_クサト/デ'テイッテシマッタ
彼女と初デートの今日は夢うつつ。	カ'ノジョト/ハ'ツデエトノ/キョ'オワ/ユメウ'_ツツ
おなじ東京の名をよぶにも、今後はおそらく旧東京と新東京とに区別されるであろう。	オナジ'/トオキョオノ'/ナオ'/ヨブニ'モ、コンゴワ'/オソ'ラ_ク/キュ'ウ/トオキョオト'/シン'/トオキョオトニ'/クベツサレ'ルデアロオ
腰振りを二分間続ける。	コシ'フリオ/ニフ'ンカン/ツズケル'
臆病者が逃げ出した。	オクビョオモノガ'/ニゲダ'_シタ
絵葉書と一緒に銀色のルアーをマッシュに送った。	エハ'ガ_キト/イッショニ'/ギンイロノ'/ル'アアオ/マ'ッシュニ/オクッタ'
オムライスにはケチャップが一番。	オムラ'イスニワ/ケ'チャップガ/イチ'バン
ストレスは適度に発散しましょう。	_スト'レスワ/テ'キドニ/ハッサン'/シマショ'オ
この人よりぞ始まりける。	コノ'/ヒトヨ'リゾ/ハジマリケ'ル
中学生の時、避暑旅行中に体調を崩した。	チュウガ'_クセエノトキ、_ヒショリョコオチュウニ'/タイチョオオ'/クズ'_シタ
軍医は病院の門に入るのである。	グ'ンイワ/ビョオインノ'/モ'ンニ/ハ'イルノデアル
一日中明るい白夜は、一切太陽が沈まないことで起こります。	イチニチジュウ'/アカル'イ/ビャ'クヤワ、イ'ッサイ/タ'イヨオガ/シズマナ'イコトデ/オコリマ'_ス
もう、あなたにばかりも精一杯、誰にも見せられます体ではないんです。	モ'オ、アナ'タニバカリモ/セエイ'ッパイ、ダ'レニモ/ミセラレマ'_ス/カラダデ'ワ/ナ'インデ_ス
みんな揃って海に飛び込んだ。	ミンナ'/ソロ'ッテ/ウ'ミニ/トビコ'ンダ
なんだそりゃ、到底無理なお願いだ。	ナ'ンダ/ソリャ'、トオテエ'/ム'リナ/オネガイダ'
腸チフスは怖い病気。	チョオチ'_フスワ/コワ'イ/ビョオキ'
排球はバレーボールの事です。	ハイキュウワ'/バレエボ'オルノコトデ_ス
マッチを買いに入ったのかな。	マ'ッチオ/カイニ'/ハ'イッタノカナ
盆栽は風情がある。	ボンサイワ'/フ'ゼエガ/ア'ル
やがて陪審員は合議をするために法廷を出て行った。	ヤガテ'/バイシ'ンインワ/ゴ'オギオスルタメニ/ホオテエオ'/デ'テイッタ
芸術の求める永遠性に疑問を感じる。	ゲエジュツノ'/モトメ'ル/エエエンセエニ'/ギモンオ'/カンジル'
聞きつけて、件の嫗、ぶるぶるとかぶりをふった。	_キキツ'ケテ、ケ'ンノ/オ'オナ、ブ'ルブルトカ/ブ'リオ/フ'ッタ
キェルツェを通ってドビェに、ザリピェからミェイに行く。	キェ'ルツェオ/ト'オッテ/ド'ビェニ、ザ'リピェカラ/ミェ'イニ/イク'
マリアーンスケー・ラーズニェを訪れる。	マリアアンスケエラアズニェオ'/オトズ'レル
乳牛を見ながら、レテュの入ったピッツァを食べる。	ニュウギュウオ'/ミナ'ガラ、レ'テュノ/ハ'イッタ/ピ'ッツァオ/タベ'ル
ウドゥの奏者を施療した。	ウ'ドゥノ/ソ'オシャオ/セリョオ_シタ'
インスティテュートで、リデュースの話と併せて、ルデュックの話も聞いた。	イン_スティテュ'ウトデ、リデュ'ウスノ/ハナシ'ト/アワ'セテ、ルデュ'ックノ/ハナシ'モ/キイタ'
ギェナーを見てイェーイと叫ぶ。	ギェ'ナアオ/ミ'テ/イェ'エイト/サケ'ブ
スィーディーを聞きながら、でゃーこんを食べる。	スィ'イディイオ/_キキナ'ガラ、デャ'ア/コ'ンオ/タベ'ル
テョさんはズィーブラを見た。	テョ'サンワ/ズィ'イブラオ/ミ'タ
レヴォリューション。レギュレーション。エデュケーション。	レヴォリュ'ウション、レギュレ'エション、エデュケ'エション
ブレンドデョート。ラーテャン。	ブレンドデョ'オト、ラ'アテャン
あっあの。いっいえ。えっえぇ。おっおい。んーとね。	ア'ッ/アノ'、イッ'/イ'エ、エ'ッ/エ'エ、オッオ'イ、ンントネ'
いぶかしげに見上げた雨雲から、琥珀色のドラゴンがギュンと現れた。	イブカシ'ゲニ/ミアゲタ'/アマグモカラ'、コハクイロノ'/ド'ラゴンガ/ギュ'ント/アラワ'レタ
布でギュギュっとヌンチャクを縛る。	ヌノデ'/ギュ'ギュット/ヌンチャクオ'/シバ'ル
服を脱ぐが、いつも上下が逆さまだ。	_フク'オ/ヌ'グガ、イ'ツモ/ジョ'オゲガ/サカサマダ'
放課後の音楽室で、高音を頑張って出した。	ホオカゴノ'/オンガク'_シツデ、タカ'ネオ/ガンバ'ッテ/ダ'_シタ
モゴモゴしながら言うギャグは面白くない。	モゴモゴシナ'ガラ/イウ'/ギャ'グワ/オモシロク'ナイ
海水魚の漁業の一環として、稚魚が育てられている。	カイスイ'ギョノ/ギョ'ギョオノ/イッカント_シテ'、チ'ギョガ/ソダテラ'レテイル
ムンムンとした熱気に、あの淡水魚もへとへとになっている。	ム'ンムント_シタ/ネッキニ'、アノ'/タンス'イギョモ/ヘトヘトニ'/ナ'ッテイル
ヘスティア所長は、十二音音楽の作法を知っている。	ヘ_スティアショ'チョオワ、ジュウニ'オン/オ'ンガクノ/サ'ホオオ/シッテイル'
主催者は、このフェスのキャパが小さいことを、セシルから聞いた。	_シュサ'イシャワ、コノ'/フェ'スノ/キャ'パガ/チイサ'イコトオ、セ'シルカラ/キイタ'
母は、サフランライスと、さつまいもの入ったシチューと、ポトフをハフハフしながら食べた。	ハ'ハワ、サフランラ'イ_スト、サツマイモノ'/ハ'イッタ/_シチュ'ウト、ポ'トフオ/ハフハ_フシナ'ガラ/タ'ベタ
そして、左京と千紗はヘファ駅に着いた。	ソ_シテ'、サ'キョオト/セ'ンシャワ/ヘファ'エキニ/ツ'イタ
根本と曽原は主君を批判した。	コンポント'/ソ'ハラワ/シュ'クンオ/ヒハン_シタ'
ケケっと笑いながら、津原はパトカーに乗った。	ケ'ケット/ワライナ'ガラ、ツ'ワラワ/パト'カアニ/ノッタ'
キュキュッと鳴らした靴でパスを出した。	_キュキュ'ット/ナラ_シタ'/_クツ'デ/パ'スオ/ダ'_シタ
ティファニーはパピーにムギュッと抱き着きながら、チュチュッとキスをし、センキュと言った。	ティ'ファニイワ/パ'ピイニ/ムギュ'ット/ダ_キツキナ'ガラ、チュ'チュット/キ'スオシ、セ'ン_キュト/イッタ'
その義軍は、一ヘクタールほふく前進をした。	ソノ'/ギグンワ'、イチヘ_クタ'アル/ホ_フクゼ'ンシンオ_シタ
へへっと、きゃつは媚びへつらった。	ヘヘ'/ット'、キャ'ツワ/コビヘツラ'ッタ
ほとんどの被調査者は、写真を車載した。	ホト'ンドノ/ヒチョオサ'シャワ、シャシンオ'/シャサイ_シタ'
補佐が、一酸化炭素中毒になるというハプニングは起きなかった。	ホ'サガ、イッサンカタンソチュ'ウドクニ/ナ'ルト/イウ'/ハ'プニングワ/オキ'ナカッタ
スチューデントが被災するファクターを、可能な限り取り払う。	_スチュ'ウデントガ/_ヒサイスル'/ファ'_クタアオ、カノオナカ'ギリ/トリハラ'ウ
カフェとは、ブレックファストとして、フォカッチャを食べれる場所でもある。	カ'フェトワ、ブレッ_クファ'_ストト_シテ、フォカ'ッチャオ/タベレ'ル/バショデ'モ/ア'ル
普通、初級者では、高音を伸ばすことはできない。	_フツウ'、ショキュ'ウシャデワ、タカ'ネオ/ノバ'_スコトワ/デキ'ナイ
彼からしたら、左中間から見る景色は貴重だった。	カ'レカラ_シタラ、サチュ'ウカンカラ/ミ'ル/ケ'_シキワ/_キチョオダ'ッタ
シェパードと同居中に、フォスターはその格付け表を見た。	シェパ'アドト/ドオキョチュウニ'、フォ'_スタアワ/ソノ'/カクズケヒョオオ'/ミ'タ
去々年、虚数とヘ長調について学んだ。	サ'サ/トシ'、キョス'ウトエ/チョ'オチョオニ/ツ'イテ/マナンダ'
脚立の上でヒュヒューと風が吹くと、彼は背筋を伸ばした。	キャタツノウエ'デ/ヒュ'ヒュウト/カゼガ'/フ'_クト、カ'レワ/セ'スジオ/ノバ'_シタ
昼にはペスカトーレを、夜には寿司をパクパク食べた。	ヒル'ニワ/ペ_スカト'オレオ、ヨ'ルニワ/スシ'オ/パ'_クパ_ク/タ'ベタ
ケフィアに関するこの本は、初版では三百部くらいだったが、次から波及的に増加した。	ケ'フィアニ/カンス'ル/コノ'/ホ'ンワ、ショハンデ'ワ/サンビャク'ブクライダッタガ、ツギ'カラ/ハキュウテキニ'/ゾオカ_シタ'
皮膚が私のフェチである。	ヒ'フガ/ワタシノ'/フェ'チデアル
社販で巨富を築くという、彼の目論見は途中でへし折られた。	シャ'ハンデ/キョ'フオ/キズ'_クト/イウ'、カ'レノ/モクロミワ'/トチュウデ'/ヘシオラレタ'
左表のとおりの支出になることが、ある意味わが社の社風である。	ヒダリヒョオノト'オリノ/_シシュツニ'/ナ'ルコトガ、ア'ル/イ'ミ/ワ'ガ/シャ'ノ/シャフウデアル'
この古風な酒瓢は故郷のものだ。	コノ'/コ'フウナ/サケヒ'サゴワ/コ'キョオノモノダ
そのほつれが腐敗しているというのは、誇張した表現だと思う。	ソノ'/ホツレ'ガ/フハイ_シテイル'ト/イウ'ノワ、コチョオ_シタ'/ヒョオゲ'ンダト/オモ'ウ
その映画の出演者である彼が、主犯である可能性はフィフティーフィフティーだ。	ソノ'/エエガノ'/_シュツエ'ンシャデアル/カ'レガ、_シュハンデアル'/カノオセエワ'/フィ_フティイフィフ'ティイダ
チュクンの波長は、パツンと共通している。	チュ'クンノ/ハチョオワ'、パツ'ント/キョオツウ_シテイル'
