しなじう	シナ'ジウ
いみじう	イ'ミジウ
買わう	カワウ'
捨てう	_ステウ'
行こう	イコ'オ
言おう	イオオ'
一見さんです	イチゲンサンデ'_ス
一声かける	ヒトコエ'/カケ'ル
一行ごとに	イチギョオゴトニ'
兵ども	ツワ'モノドモ
阿弥陀仏	アミダブ'ツ
先生方	センセ'エガタ
支配の下	シ'ハイノ/モト'
紀元前	キゲンゼ'ン
同じ様に	オナジヨオニ'
如何ですか	イカ'ガデ_スカ
笠間焼	カサマヤキ'
匹見峡	_ヒキミ'キョオ
秋田分屯基地	ア_キタ'ブン/ト'ン_キチ
九角形の図形	キュウカ'クケエノ/ズケエ'
室町通を歩く	ムロマチ'ドオリオ/アル'ク
四条通	シジョオド'オリ
軍艦旗	グンカ'ンキ
可動橋	カドオキョオ'
山寺	ヤマ'デラ
霊山寺を訪ねる	リョオゼンジオ'/タズネ'ル
防衛記念章	ボオエエキネ'ンショオ
徳川公	トク'ガワ/コオ'
歯茎硬口蓋音	ハ'グ_キ/コ'オ/コオガ'イオン
諏訪洞を探検する	スワ'ドオオ/タンケンスル'
宮沢湖のほとり	ミヤザワ'コノ/ホトリ'
風景印	フウケエイ'ン
山小屋	ヤマゴヤ'
貴乃花部屋	タカノハナ'ベヤ
三角形の和	サンカ'ッケエノ/ワ'
資金不足	_シキン'ブソク
機器等	_キキ'トオ
それ等	ソレ'/ラ'
時が経つ	トキ'ガ/タ'ツ
時は金なり	トキ'ワ/カネナ'リ
修道尼の生活	シュウドオニノ'/セエカツ'
料理茶屋に入る	リョオリジャ'ヤニ/ハ'イル
東京に於て開催する	トオキョオニ'/オイテ'/カイサイスル'
彼を識っている	カ'レオ/シ'ッテイル
芭蕉翁の句	バショオオ'オノ/ク'
先生が仰しゃる	センセ'エガ/オッシャル'
忘れて了った	ワスレテ'/シ'マッタ
落ち込んでいた処に声をかけた	オ_チコ'ンデイタ/トコロニ'/コ'エオ/カ'ケタ
傘の柄を握る	カ'サノ/エオ'/ニギル'
剣の柄を握る	ケ'ンノ/ツカオ'/ニギル'
刀の柄を握る	カタナ'ノ/ツカオ'/ニギル'
そう思うより外にない	ソオ'/オモ'ウヨリ/ホ'カニ/ナ'イ
大津波に備える	オオツ'ナミニ/ソナエ'ル
御言葉をいただく	オコトバオ'/イタダク'
医学博士になる	イガ_クハ'クシニ/ナ'ル
寺小屋で学ぶ	テラコヤデ'/マナブ'
いつか公になる	イ'_ツカ/オオヤケニ'/ナ'ル
道路橋を渡る	ドオロキョオオ'/ワタル'
就学前の児童	シュウガクマ'エノ/ジ'ドオ
前会長の話です。	ゼ'ン/カイチョオノ'/ハナシ'デ_ス
前首相が来日した	ゼ'ン/_シュショオガ'/ライニチ_シタ'
この間の話です。	コノアイダノ'/ハナシ'デ_ス
白老町史に残る	シラオイチョ'オシニ/ノコ'ル
おばさんも娘も一しょに大声で笑った	オバサンモ'/ムスメ'モ/イ'ッショニ/オオゴ'エデ/ワラッタ'
青の背景と金の縁がある	ア'オノ/ハイケエト'/カネノ'/フ'チガ/ア'ル
ペトリ皿の縁	ペトリ'サラノ/フ'チ
成り上がり者は	ナリアガリ'モノワ
繁みの中に走り入ったとき	シゲミ'ノナカニ/ハシリイ'ッタトキ
朝鮮、台湾に攻め入った	チョオセ'ン、タイワ'ンニ/セメイ'ッタ
折り入って話がある	オリイ'ッテ/ハナシ'ガ/ア'ル
マングローブ林を数十メートル分け入った場所	マングロオブリ'ンオ/スウジュウメ'エトル/ワケイ'ッタ/バショ'
プレス金型を使用して	プレ_スカナガタオ'/シヨオ_シテ'
高圧金型鋳造の導入	コオア_ツカナガタ'/チュウゾオノ'/ドオニュウ'
何にも知らない	ナ'ンニモ/シラナ'イ
何にも知りません	ナ'ンニモ/シリマセ'ン
何にも知らず	ナ'ンニモ/シラ'ズ
何にも知らん	ナ'ンニモ/シラ'ン
何にも知らぬ	ナ'ンニモ/シラ'ヌ
何にも分からなかった	ナ'ンニモ/ワカラ'ナカッタ
何にも知らなければ	ナ'ンニモ/シラナ'ケレバ
何にも答えてもらっていない	ナ'ンニモ/コタ'エテモラッテイナイ
何にも返事がなく	ナ'ンニモ/ヘンジ'ガ/ナ'ク
何にもありません	ナ'ンニモアリマセン
何にもすることができず	ナ'ンニモ/スルコト'ガ/デキ'ズ
何にも面白くない	ナ'ンニモ/オモシロク'ナイ
社会のこと何にも知らず	シャカイノコト'ナンニモ/シラ'ズ
何にもしないで宣伝ばかり	ナ'ンニモ/シナ'イデ/センデンバ'カリ
何にも似ていない	ナ'ニニモ/ニテイナ'イ
何にも全然似ていない	ナ'ニニモ/ゼンゼン'/ニテイナ'イ
何にも代えがたい	ナ'ニニモ/カエガタ'イ
何にも依存していない	ナ'ニニモ/イゾン_シテイナ'イ
何にも属さない	ナ'ニニモ/ゾクサ'ナイ
何にも頼らない	ナ'ニニモ/タヨラ'ナイ
何にも答えたが教えない	ナ'ニニモ/コタ'エタガ/オシエナ'イ
何にも。知らない	ナ'ニニモ、シラナ'イ
「何にも」という語を知らない	ナ'ニニモ、ト'/イウ'/ゴ'オ/シラナ'イ
何にも似ることができない	ナ'ニニモ/ニルコト'ガ/デキ'ナイ
何にもとづいて決めた	ナ'ニニ/モトズ'イテ/キメタ'
如何にも知らない	イカ'ニモ/シラナ'イ
一見して分かる	イッケン_シテ'/ワカ'ル
一声も出ない	イッセエモ'/デ'ナイ
兵の数	ヘ'エノ/カ'ズ
一行が	イッコオガ'
この方	コノカ'タ
夕方	ユウガタ'
読み方	ヨミカタ'
念仏	ネンブツ'
机の下	_ツクエノ'/シタ'
橋の下を	ハシ'ノ/シタオ'
情報が不足する	ジョオホオガ'/_フソ_クスル'
情報の不足	ジョオホオノ'/_フソク'
不足を補う	_フソクオ'/オギナ'ウ
屯する若者	タムロスル'/ワカモノ'
旗を振る	ハタ'オ/フル'
山が焼ける	ヤマ'ガ/ヤケル'
公園前	コオエンマ'エ
縁切寺	エンキリデラ'
駆け込み寺	カケコミデラ'
田舎寺	イナカデラ'
お寺の鐘	オテラノ'/カネ'
洞に隠れる	ホラ'ニ/カクレ'ル
湖を眺める	ミズウ'ミオ/ナガメ'ル
部屋に入る	ヘヤ'ニ/ハ'イル
公の場	オオヤケノ'/バ'
十八角形	ジュウハ_チカ'クケエ
一等	イット'オ
三等賞	サント'オショオ
等分	トオブン'
高等学校	コオトオガ'ッコオ
平等	ビョオドオ'
等しい	_ヒトシ'イ
如何にも	イカ'ニモ
中国	チュ'ウゴク
外国	ガイコク'
帝国	テエコク'
韓国	カ'ンコク
開催時	カイサ'イジ
15時が過ぎた	ジュ'ウ/ゴ'ジガ/ス'ギタ
梅雨時	ツユドキ'
時を待つ	トキ'オ/マ'ツ
この時がきた	コノト'キガ/キ'タ
100年の時が経つ	ヒャク'ネンノトキガ/タ'ツ
翌日尼が来た	ヨクジツ'/ア'マガ/キ'タ
明日翁が来る	ア_シタ'/オ'キナガ/ク'ル
二ツ茶屋に行く	_フタ_ツチャ'ヤニ/イク'
広瀬博士は話した	ヒロセハ'カセワ/ハナ'_シタ
地球より外に惑星はない	_チキュウヨ'リ/ソ'トニ/ワ_クセエワ'/ナ'イ
就学前教育	シュウガクゼ'ン/キョオイク'
出生前診断	シュッショオゼ'ン/シンダン'
前の会長	マ'エノ/カイチョオ'
この間抜けな娘	コノ'/マヌケナ'/ムスメ'
受者の責任	ウケ'シャノ/セキニン'
ちょっと下の人間のひがみ入ってます	チョ'ット/シタノ'/ニンゲンノ'/ヒガミハ'イッテマ_ス
低解約返戻金型終身保険	テ'エカイヤ_クヘンレエキンガタ/シュウシンホ'ケン
縁を切る	エ'ンオ/キ'ル
手に入った	テ'ニ/ハ'イッタ
石見国	イワミ'ノクニ
越後国	エチゴ'ノクニ
阿波国	アワ'ノクニ
岩代国	イワシロ'ノクニ
大和国	ヤマト'ノクニ
中国に行く	チュ'ウゴクニ/イク'
外国の文化	ガイコクノ'/ブ'ンカ
騸馬	センバ'
嚳	コク'
多禰国	タ'/ネコク'
嗅神経	キュウ'/シ'ンケエ
痘	トオ'
こんにちは、世界。	コンニチワ'、セ'カイ
本論文	ホ'ン/ロンブン'
当ホテル	ト'オ/ホ'テル
同制度	ド'オ/セ'エド
全項目	ゼ'ン/コオモク'
琵琶湖	ビワコ'
西湖	サ'イコ
河口湖	カワグチ'コ
田沢湖	タザワ'コ
富士河口湖	フ'ジ/カワグチ'コ
余呉湖	ヨゴ'コ
塩湖	シオ'コ
塩湖の水	シオ'コノ/ミズ'
津久井湖	_ツクイ'コ
山中湖の水	ヤマナカ'コノ/ミズ'
宮沢湖	ミヤザワ'コ
阿寒湖	アカ'ンコ
摩周湖	マシュ'ウコ
仙台市	センダ'イシ
チャイ缶	チャ'イカン
葛西駅	カサ'イエキ
津久井町	_ツクイ'マチ
福井県	_フクイ'ケン
山梨県	ヤマナシ'ケン
東京駅	トオキョ'オエキ
住民税	ジュウミ'ンゼエ
青梅線	オオメセン'
ヴィクトリーヌ	ヴィ_クトリ'イヌ
イェテボリ	イェテ'ボリ
新製品	シンセ'エヒン
悪魔憑き	ア'クマ/ツ'/キ'
取り憑く	ト'リ/ツ'/ク'
特別市	トクベツ'シ
なゝ樹	ナ'/ナ'/キ'
金子みすゞ	カネコ'/ミ'ス/ズ'
づゝ	ズ'/ツ'
ぶゞ漬け	ブ'/ブ'/ズ'ケ
バナヽ	バ'ナ/ナ'
愛々	ア'イアイ
咲々	サ'キサキ
結婚式々場	ケッコ'ン_シキ_シキジョオ
学生々活	ガ_クセエセエカツ'
民主々義	ミ'ンシュシュギ
叙々々苑	ジョジョジョ'/エ'ン
叙々々々苑	ジョジョジョジョ'/エ'ン
叙々々々々苑	ジョジョジョジョジョ'/エ'ン
叙々々々々々苑	ジョジョジョジョジョジョ'/エ'ン
複々々線	_フク'_フク_フク/セ'ン
複々々々線	_フク'_フク_フク_フク/セ'ン
今日も前進々々	キョ'オモ/ゼンシンゼンシン'
部分々々	ブ'ブンブブン
後手々々	ゴテゴテ'
其他々々	ソノ'ホカソノホカ
やっほー！元気かな？ヾ(≧▽≦)ﾉ	ヤ'ッホオ、ゲ'ン_キカナ？、ノ'
人。々	ヒト'
人は々	ヒトワ'
がゝ	ガ'/カ'
バヽ	バ'/ハ'
かゞ	カ'/ガ'
ハヾ	ハ'/バ'
じょゝ	ジョ'/ジョ'
ちゅゞ	チュ'/ジユ'
ゝ	
かゝ゜	カ'/カ'
さゝみ	サ'/サ'/ミ'
いすゞ	イスズ'
カヽ	カ'/カ'
ガヾ	ガ'/ガ'
書きます	カキマ'_ス
参ります	マイリマ'_ス
書いております	カ'イテオリマ_ス
えーと東京	エエト'/トオキョオ'
あのー山田さん	アノオ'/ヤマダサン'
皆様方	ミナサマ'ガタ
石見国の歴史	イワミ'ノクニノ/レ_キシ'
